{
  "bleu": [
    0.4837751220760692,
    0.045819303334832126,
    0.4714522079440154,
    0.5765419442499975,
    0.1401355215824981,
    0.1637446217139352,
    0.4755277325472079,
    0.08795652666270204,
    0.22680537313288562,
    0.05361799972713036,
    0.37324531334206507,
    0.1983524111726329,
    0.09772722850650896,
    0.1630373138709618,
    0.08300395039213272,
    0.5934332126829374,
    0.2077766449392646
  ],
  "rouge1": [
    0.7191011235955056,
    0.4510250569476082,
    0.6480836236933798,
    0.7894736842105263,
    0.5384615384615384,
    0.5136054421768708,
    0.7604166666666667,
    0.5098039215686275,
    0.5894736842105263,
    0.39501039501039503,
    0.6457142857142858,
    0.6237942122186496,
    0.5026548672566371,
    0.5150684931506849,
    0.4696132596685083,
    0.7980769230769231,
    0.5201612903225806
  ],
  "rouge2": [
    0.5778781038374718,
    0.16475972540045766,
    0.5403508771929825,
    0.7400881057268722,
    0.24154589371980678,
    0.40273037542662116,
    0.5863874345549738,
    0.22134387351778653,
    0.3250883392226149,
    0.13778705636743216,
    0.46551724137931033,
    0.31067961165048535,
    0.18827708703374776,
    0.23140495867768593,
    0.21052631578947367,
    0.6714975845410627,
    0.3684210526315789
  ],
  "rougeL": [
    0.5797752808988764,
    0.23690205011389523,
    0.5923344947735192,
    0.763157894736842,
    0.2451923076923077,
    0.4251700680272109,
    0.5833333333333334,
    0.3372549019607843,
    0.4421052631578948,
    0.2079002079002079,
    0.5542857142857144,
    0.4437299035369775,
    0.21592920353982303,
    0.29041095890410956,
    0.23756906077348064,
    0.7451923076923077,
    0.4153225806451613
  ],
  "bertscore": [
    0.6988264322280884,
    0.49725818634033203,
    0.739244818687439,
    0.7866390347480774,
    0.5499662160873413,
    0.649242103099823,
    0.750329852104187,
    0.5654608011245728,
    0.6452370285987854,
    0.4603308141231537,
    0.6913707256317139,
    0.6658744812011719,
    0.5520815253257751,
    0.5328704118728638,
    0.5508677959442139,
    0.8229578733444214,
    0.5944114327430725
  ],
  "radeval_bertscore": [
    0.840307891368866,
    0.6585707664489746,
    0.7685585618019104,
    0.8537231087684631,
    0.6291856169700623,
    0.7824088931083679,
    0.8362030386924744,
    0.6166592240333557,
    0.7037156224250793,
    0.5986430048942566,
    0.7082523703575134,
    0.7525764107704163,
    0.6512690186500549,
    0.560368537902832,
    0.6536703705787659,
    0.8621425032615662,
    0.6698910593986511
  ],
  "f1radbert_ct_sample_acc": [
    0.0,
    0.0,
    0.0,
    0.0,
    0.0,
    0.0,
    0.0,
    0.0,
    0.0,
    0.0,
    0.0,
    0.0,
    0.0,
    0.0,
    0.0,
    0.0,
    0.0
  ],
  "f1chexbert_sample_acc_5": [
    1.0,
    0.6000000000000001,
    1.0,
    1.0,
    0.8,
    0.6000000000000001,
    1.0,
    1.0,
    0.8,
    0.8,
    0.8,
    0.8,
    1.0,
    0.8,
    0.8,
    1.0,
    0.2
  ],
  "f1chexbert_sample_acc_all": [
    0.857142857142857,
    0.5714285714285713,
    0.9285714285714284,
    0.7857142857142856,
    0.7857142857142856,
    0.7857142857142856,
    0.857142857142857,
    0.857142857142857,
    0.7857142857142856,
    0.7857142857142856,
    0.7857142857142856,
    0.857142857142857,
    0.9999999999999998,
    0.6428571428571428,
    0.857142857142857,
    0.9999999999999998,
    0.4999999999999999
  ],
  "ratescore": [
    0.7966331380585279,
    0.5442682114291516,
    0.771102938368784,
    0.7280307292332917,
    0.5479986666101935,
    0.758598434501537,
    0.7649537661017204,
    0.6780479272641098,
    0.6708845607393494,
    0.509677697160978,
    0.7087710225672254,
    0.6792003012218814,
    0.6156406601367269,
    0.5721143499959672,
    0.5958755194227962,
    0.840136022581047,
    0.6177117220231659
  ],
  "srrbert_weighted_f1": [
    0.4999999975,
    0.24999999875,
    0.4999999975,
    0.24999999875,
    0.124999999375,
    0.22222222111111112,
    0.16666666583333334,
    0.4999999975,
    0.399999998,
    0.29999999850000003,
    0.374999998125,
    0.74999999625,
    0.3333333316666667,
    0.124999999375,
    0.24999999875,
    0.4999999975,
    0.3636363618181818
  ],
  "srrbert_weighted_precision": [
    0.4999999950000001,
    0.24999999750000004,
    0.4999999950000001,
    0.24999999750000004,
    0.12499999875000002,
    0.22222222000000003,
    0.16666666500000002,
    0.4999999950000001,
    0.3999999960000001,
    0.2999999970000001,
    0.3749999962500001,
    0.7499999925000002,
    0.33333333000000004,
    0.12499999875000002,
    0.24999999750000004,
    0.4999999950000001,
    0.36363636000000005
  ],
  "srrbert_weighted_recall": [
    0.4999999950000001,
    0.24999999750000004,
    0.4999999950000001,
    0.24999999750000004,
    0.12499999875000002,
    0.22222222000000003,
    0.16666666500000002,
    0.4999999950000001,
    0.3999999960000001,
    0.2999999970000001,
    0.3749999962500001,
    0.7499999925000002,
    0.33333333000000004,
    0.12499999875000002,
    0.24999999750000004,
    0.4999999950000001,
    0.36363636000000005
  ],
  "temporal_f1": [
    0.99999999995,
    2.857142856897959e-11,
    0.99999999995,
    0.79999999996,
    0.6666666666444444,
    0.4999999999875,
    0.99999999995,
    1e-10,
    1e-10,
    2.4999999998125002e-11,
    0.499999999975,
    6.666666665777777e-11,
    1e-10,
    1e-10,
    2.4999999998125002e-11,
    0.6666666666444444,
    0.499999999975
  ],
  "green": [
    0.6363636363636364,
    0.5,
    0.5555555555555556,
    0.5384615384615384,
    0.375,
    0.5,
    0.5555555555555556,
    0.7777777777777778,
    0.7272727272727273,
    0.3333333333333333,
    0.5,
    0.8461538461538461,
    0.3333333333333333,
    0.375,
    0,
    0.5555555555555556,
    0
  ],
  "crimson": [
    0.0,
    -0.5882,
    0.0,
    -0.5,
    -0.6,
    -0.6,
    -0.5,
    0.0,
    0.0,
    -0.5,
    -0.3333,
    0.0,
    0.1852,
    -0.6667,
    -0.2941,
    -0.5,
    0.0741
  ]
}