{
  "bleu": [
    0.1384339016340712,
    0.12626222522482888,
    0.7320925460157532,
    0.1978154454575354,
    0.07097158094489096,
    0.26533169764519826,
    0.5434855394347339,
    0.23976122123618168,
    0.2328025432560881,
    0.1666677239266015,
    0.23125080746907564,
    0.10310587703891087,
    0.456186167292976,
    0.09666950999334578,
    0.09789411182105141,
    0.33290777491235307,
    0.08917047872747791,
    0.06189272434457948,
    0.12275683782864927,
    0.07486069012712747,
    0.05678038472739245
  ],
  "rouge1": [
    0.5515789473684211,
    0.5507900677200904,
    0.855036855036855,
    0.6395939086294415,
    0.42808219178082196,
    0.5743073047858942,
    0.7371601208459215,
    0.6363636363636365,
    0.5588235294117647,
    0.5242165242165242,
    0.5445783132530121,
    0.5301837270341206,
    0.6863270777479893,
    0.5116279069767442,
    0.46499999999999997,
    0.6113989637305699,
    0.5929919137466308,
    0.4234234234234234,
    0.5271028037383177,
    0.5071225071225072,
    0.4186046511627907
  ],
  "rouge2": [
    0.24101479915433405,
    0.21315192743764172,
    0.7753086419753086,
    0.3112244897959184,
    0.2542955326460481,
    0.48101265822784806,
    0.668693009118541,
    0.34507042253521125,
    0.35502958579881655,
    0.3037249283667622,
    0.3970944309927361,
    0.21635883905013192,
    0.6469002695417789,
    0.2608695652173913,
    0.19597989949748745,
    0.4506065857885615,
    0.2439024390243902,
    0.17647058823529413,
    0.24390243902439024,
    0.19484240687679086,
    0.16985138004246286
  ],
  "rougeL": [
    0.28210526315789475,
    0.2889390519187359,
    0.8255528255528256,
    0.3705583756345177,
    0.3082191780821918,
    0.5340050377833753,
    0.6948640483383686,
    0.49650349650349646,
    0.4764705882352941,
    0.3817663817663817,
    0.44819277108433736,
    0.29396325459317585,
    0.6756032171581768,
    0.34551495016611294,
    0.25,
    0.4732297063903282,
    0.307277628032345,
    0.2522522522522523,
    0.30280373831775703,
    0.2507122507122507,
    0.2367864693446089
  ],
  "bertscore": [
    0.5792532563209534,
    0.548566997051239,
    0.8577924370765686,
    0.6515432596206665,
    0.5654695630073547,
    0.6837232708930969,
    0.7834416031837463,
    0.6962797045707703,
    0.6271869540214539,
    0.6118764877319336,
    0.6481487154960632,
    0.5959281921386719,
    0.7704780697822571,
    0.5917425751686096,
    0.53579181432724,
    0.6256279349327087,
    0.6097120642662048,
    0.48202505707740784,
    0.5555773377418518,
    0.5673398375511169,
    0.5214238166809082
  ],
  "radeval_bertscore": [
    0.7509510517120361,
    0.7227907776832581,
    0.8869976997375488,
    0.7080073356628418,
    0.6240120530128479,
    0.7232680916786194,
    0.8096686601638794,
    0.7000454664230347,
    0.6451708674430847,
    0.601148784160614,
    0.6463801860809326,
    0.615263819694519,
    0.7968787550926208,
    0.6775264739990234,
    0.552400529384613,
    0.7472820281982422,
    0.6756243109703064,
    0.6376517415046692,
    0.7090736031532288,
    0.6422991156578064,
    0.6706498861312866
  ],
  "f1radbert_ct_sample_acc": [
    0.0,
    0.0,
    0.0,
    0.0,
    0.0,
    0.0,
    0.0,
    1.0,
    0.0,
    0.0,
    0.0,
    0.0,
    0.0,
    0.0,
    0.0,
    0.0,
    0.0,
    0.0,
    0.0,
    0.0,
    0.0
  ]
}